date,value,satellite_flag
2014-02-08 00:00,0.0000,01000000000000000000000000100000
2014-02-08 01:00,0.0000,01000000000000000000000001000000
2014-02-08 02:00,0.0000,11000000000000000000000000000000
2014-02-08 03:00,0.0000,01000000000000000010000000000000
2014-02-08 04:00,0.0000,01000000000000000001000000000000
2014-02-08 05:00,0.0000,01000000000000100000000000000000
2014-02-08 06:00,0.0000,11000000000000000000000000000000
2014-02-08 07:00,0.0000,11000000000000000000000000000000
2014-02-08 08:00,0.0000,11000000000000000000000000000000
2014-02-08 09:00,0.0000,11000000000000000000000000000000
2014-02-08 10:00,0.0000,01000000000000010000100000000000
2014-02-08 11:00,0.0000,11000000000000000000000000000000
2014-02-08 12:00,0.0000,01000000000000000000010000000000
2014-02-08 13:00,0.0000,01000000000000000000010000000000
2014-02-08 14:00,0.0000,01000000000000000000000000100000
2014-02-08 15:00,0.0000,01000000000000000000000001000000
2014-02-08 16:00,0.0000,01000000000000000010000000000000
2014-02-08 17:00,0.0000,01000000000000100000000000000000
2014-02-08 18:00,0.0000,01000000000000000001000000000000
2014-02-08 19:00,0.0000,01000000000000100000000000000000
2014-02-08 20:00,0.0000,01000000000000010000100000000000
2014-02-08 21:00,0.0000,01000000000000000000100000000000
2014-02-08 22:00,0.0000,11000000000000000000000000000000
2014-02-08 23:00,0.0000,01000000000000000000010000000000
2014-02-09 00:00,0.0000,01000000000000000000000000100000
2014-02-09 01:00,0.0000,01000000000000000000000001000000
2014-02-09 02:00,0.0000,11000000000000000000000000000000
2014-02-09 03:00,0.0000,01000000000000000010000000000000
2014-02-09 04:00,1.6294,01000000000000100001000000000000
2014-02-09 05:00,1.7664,01000000000000000001000000000000
2014-02-09 06:00,0.0575,11000000000000000000000000000000
2014-02-09 07:00,0.0189,11000000000000000000000000000000
2014-02-09 08:00,0.0137,11000000000000000000000000000000
2014-02-09 09:00,0.0000,11000000000000000000000000000000
2014-02-09 10:00,0.0000,01000000000000010000100000000000
2014-02-09 11:00,0.0000,01000000000000000000010000000000
2014-02-09 12:00,0.0000,11000000000000000000000000000000
2014-02-09 13:00,0.0000,01000000000000000000010000000000
2014-02-09 14:00,0.0000,01000000000000000000000000100000
2014-02-09 15:00,0.0000,01000000000000000000000001000000
2014-02-09 16:00,0.0000,01000000000000000010000000000000
2014-02-09 17:00,0.0000,01000000000000000001000000000000
2014-02-09 18:00,0.0000,01000000000000100000000000000000
2014-02-09 19:00,0.0000,11000000000000000000000000000000
2014-02-09 20:00,0.0000,11000000000000000000000000000000
2014-02-09 21:00,0.0000,01000000000000010000100000000000
2014-02-09 22:00,0.0000,11000000000000000000000000000000
2014-02-09 23:00,0.0000,01000000000000000000010000100000
2014-02-10 00:00,0.0000,01000000000000000000000001000000
2014-02-10 01:00,0.0000,11000000000000000000000000000000
2014-02-10 02:00,0.0000,11000000000000000000000000000000
2014-02-10 03:00,0.0000,01000000000000000010000000000000
2014-02-10 04:00,0.0000,01000000000000100000000000000000
2014-02-10 05:00,0.0000,01000000000000000001000000000000
2014-02-10 06:00,0.0000,11000000000000000000000000000000
2014-02-10 07:00,0.0000,11000000000000000000000000000000
2014-02-10 08:00,0.0000,11000000000000000000000000000000
2014-02-10 09:00,0.0000,11000000000000000000000000000000
2014-02-10 10:00,0.0000,01000000000000010000100000000000
2014-02-10 11:00,0.0000,01000000000000000000010000000000
2014-02-10 12:00,0.0000,11000000000000000000000000000000
2014-02-10 13:00,1.5351,01000000000000000000010000100000
2014-02-10 14:00,0.8593,01000000000000000000000001000000
2014-02-10 15:00,0.0000,11000000000000000000000000000000
2014-02-10 16:00,0.0370,11000000000000000000000000000000
2014-02-10 17:00,0.0000,01000000000000000001000000000000
2014-02-10 18:00,0.0000,01000000000000100000000000000000
2014-02-10 19:00,0.0000,01000000000000000001000000000000
2014-02-10 20:00,0.0000,11000000000000000000000000000000
2014-02-10 21:00,0.0000,01000000000000000000100000000000
2014-02-10 22:00,0.0000,11000000000000000000000000000000
2014-02-10 23:00,0.0000,01000000000000000000000000100000
2014-02-11 00:00,0.0000,01000000000000000000000001000000
2014-02-11 01:00,0.0000,11000000000000000000000000000000
2014-02-11 02:00,0.0000,11000000000000000000000000000000
2014-02-11 03:00,1.4374,01000000000000000010000000000000
2014-02-11 04:00,0.4015,01000000000000100001000000000000
2014-02-11 05:00,0.0000,01000000000000100000000000000000
2014-02-11 06:00,0.0000,11000000000000000000000000000000
2014-02-11 07:00,0.0000,11000000000000000000000000000000
2014-02-11 08:00,0.0000,11000000000000000000000000000000
2014-02-11 09:00,0.0000,01000000000000010000100000000000
2014-02-11 10:00,0.0000,11000000000000000000000000000000
2014-02-11 11:00,0.0000,01000000000000000000100000000000
2014-02-11 12:00,0.0000,11000000000000000000000000000000
2014-02-11 13:00,0.0000,01000000000000000000010000100000
2014-02-11 14:00,0.0000,01000000000000000000000001000000
2014-02-11 15:00,0.0000,11000000000000000000000000000000
2014-02-11 16:00,0.0000,11000000000000000000000000000000
2014-02-11 17:00,0.0000,01000000000000000010000000000000
2014-02-11 18:00,0.0000,01000000000000100001000000000000
2014-02-11 19:00,0.0000,11000000000000000000000000000000
2014-02-11 20:00,0.0000,01000000000000010000000000000000
2014-02-11 21:00,0.0000,01000000000000000000100000000000
2014-02-11 22:00,0.8366,01000000000000000000010000000000
2014-02-11 23:00,1.7677,11000000000000000000000000000000
2014-02-12 00:00,0.0000,11000000000000000000000000000000
2014-02-12 01:00,0.0000,01000000000000000000000000100000
2014-02-12 02:00,0.0000,01000000000000000000000001000000
2014-02-12 03:00,3.7688,01000000000000000010000000000000
2014-02-12 04:00,3.1349,01000000000000000001000000000000
2014-02-12 05:00,1.9723,01000000000000100000000000000000
2014-02-12 06:00,0.0000,11000000000000000000000000000000
2014-02-12 07:00,0.0000,11000000000000000000000000000000
2014-02-12 08:00,0.0000,11000000000000000000000000000000
2014-02-12 09:00,0.0000,01000000000000000000100000000000
2014-02-12 10:00,0.0000,01000000000000010000000000000000
2014-02-12 11:00,0.0000,01000000000000000000100000000000
2014-02-12 12:00,0.0000,01000000000000000000010000000000
2014-02-12 13:00,0.0000,01000000000000000000000000100000
2014-02-12 14:00,0.0000,01000000000000000000000001000000
2014-02-12 15:00,0.0000,11000000000000000000000000000000
2014-02-12 16:00,0.0000,11000000000000000000000000000000
2014-02-12 17:00,0.0000,01000000000000100010000000000000
2014-02-12 18:00,0.0000,01000000000000000001000000000000
2014-02-12 19:00,0.0000,11000000000000000000000000000000
2014-02-12 20:00,0.0000,11000000000000000000000000000000
2014-02-12 21:00,0.0000,01000000000000010000100000000000
2014-02-12 22:00,0.0000,01000000000000000000010000000000
2014-02-12 23:00,0.0000,11000000000000000000000000000000
2014-02-13 00:00,0.0635,01000000000000000000000000100000
2014-02-13 01:00,0.0503,01000000000000000000000001000000
2014-02-13 02:00,0.0356,01000000000000000010000000000000
2014-02-13 03:00,0.0000,11000000000000000000000000000000
2014-02-13 04:00,0.0000,01000000000000000001000000000000
2014-02-13 05:00,1.4936,01000000000000100001000000000000
2014-02-13 06:00,0.2531,11000000000000000000000000000000
2014-02-13 07:00,0.0000,11000000000000000000000000000000
2014-02-13 08:00,0.0000,11000000000000000000000000000000
2014-02-13 09:00,0.0000,01000000000000010000000000000000
2014-02-13 10:00,0.0000,11000000000000000000000000000000
2014-02-13 11:00,0.0000,01000000000000000000100000000000
2014-02-13 12:00,0.0000,01000000000000000000010000000000
2014-02-13 13:00,0.0000,01000000000000000000000000100000
2014-02-13 14:00,0.0000,01000000000000000000000001000000
2014-02-13 15:00,0.0000,11000000000000000000000000000000
2014-02-13 16:00,0.0000,01000000000000000010000000000000
2014-02-13 17:00,0.0000,01000000000000100000000000000000
2014-02-13 18:00,0.0000,01000000000000000001000000000000
2014-02-13 19:00,0.0000,01000000000000100000000000000000
2014-02-13 20:00,0.0000,01000000000000010000100000000000
2014-02-13 21:00,0.0000,11000000000000000000000000000000
2014-02-13 22:00,0.0000,01000000000000000000010000000000
2014-02-13 23:00,0.0000,11000000000000000000000000000000
2014-02-14 00:00,0.0000,01000000000000000000010000100000
2014-02-14 01:00,0.0000,01000000000000000000000001000000
2014-02-14 02:00,0.0000,01000000000000000010000000000000
2014-02-14 03:00,0.0000,11000000000000000000000000000000
2014-02-14 04:00,0.0000,01000000000000100000000000000000
2014-02-14 05:00,3.4167,01000000000000000001000000000000
2014-02-14 06:00,2.6918,11000000000000000000000000000000
2014-02-14 07:00,2.1699,11000000000000000000000000000000
2014-02-14 08:00,0.9265,11000000000000000000000000000000
2014-02-14 09:00,2.2242,11000000000000000000000000000000
2014-02-14 10:00,2.1817,01000000000000010000100000000000
2014-02-14 11:00,2.2916,11000000000000000000000000000000
2014-02-14 12:00,0.0000,01000000000000000000010000000000
2014-02-14 13:00,0.0000,11000000000000000000000000000000
2014-02-14 14:00,0.0000,01000000000000000000000001000000
2014-02-14 15:00,0.0000,11000000000000000000000000000000
2014-02-14 16:00,0.0000,01000000000000000010000000000000
2014-02-14 17:00,0.0000,01000000000000000001000000000000
2014-02-14 18:00,1.1419,01000000000000100000000000000000
2014-02-14 19:00,0.2998,11000000000000000000000000000000
2014-02-14 20:00,0.0000,01000000000000000000100000000000
2014-02-14 21:00,0.0000,01000000000000010000000000000000
2014-02-14 22:00,0.0000,01000000000000000000010000000000
2014-02-14 23:00,0.0000,11000000000000000000000000000000
2014-02-15 00:00,0.0000,01000000000000000000010000100000
2014-02-15 01:00,0.0000,01000000000000000000000001000000
2014-02-15 02:00,0.0000,11000000000000000000000000000000
2014-02-15 03:00,0.0000,11000000000000000000000000000000
2014-02-15 04:00,0.0000,01000000000000100000000000000000
2014-02-15 05:00,0.0000,01000000000000000001000000000000
2014-02-15 06:00,0.0000,11000000000000000000000000000000
2014-02-15 07:00,0.0000,11000000000000000000000000000000
2014-02-15 08:00,0.0000,11000000000000000000000000000000
2014-02-15 09:00,0.0000,11000000000000000000000000000000
2014-02-15 10:00,0.0000,01000000000000000000100000000000
2014-02-15 11:00,0.0000,11000000000000000000000000000000
2014-02-15 12:00,0.0000,01000000000000000000010000000000
2014-02-15 13:00,0.0000,11000000000000000000000000000000
2014-02-15 14:00,0.0000,01000000000000000000000000100000
2014-02-15 15:00,0.0000,01000000000000000000000001000000
2014-02-15 16:00,0.0000,01000000000000000010000000000000
2014-02-15 17:00,0.0000,01000000000000000001000000000000
2014-02-15 18:00,6.5288,01000000000000100000000000000000
2014-02-15 19:00,3.2058,01000000000000000001000000000000
2014-02-15 20:00,1.4065,01000000000000010000100000000000
2014-02-15 21:00,1.8867,11000000000000000000000000000000
2014-02-15 22:00,4.0979,01000000000000000000100000000000
2014-02-15 23:00,4.2142,01000000000000000000010000000000
2014-02-16 00:00,0.0000,01000000000000000000000000100000
2014-02-16 01:00,0.0000,01000000000000000000000001000000
2014-02-16 02:00,0.1848,11000000000000000000000000000000
2014-02-16 03:00,1.0710,11000000000000000000000000000000
2014-02-16 04:00,0.0000,01000000000000100011000000000000
2014-02-16 05:00,0.6497,01000000000000100000000000000000
2014-02-16 06:00,0.0000,11000000000000000000000000000000
2014-02-16 07:00,0.0000,11000000000000000000000000000000
2014-02-16 08:00,0.0000,11000000000000000000000000000000
2014-02-16 09:00,0.0000,11000000000000000000000000000000
2014-02-16 10:00,0.0000,01000000000000010000100000000000
2014-02-16 11:00,0.0000,11000000000000000000000000000000
2014-02-16 12:00,0.0000,01000000000000000000010000000000
2014-02-16 13:00,0.0000,11000000000000000000000000000000
2014-02-16 14:00,0.0000,01000000000000000000000000100000
2014-02-16 15:00,0.0000,01000000000000000000000001000000
2014-02-16 16:00,0.0000,01000000000000000010000000000000
2014-02-16 17:00,0.0000,11000000000000000000000000000000
2014-02-16 18:00,0.0000,01000000000000100001000000000000
2014-02-16 19:00,0.0000,11000000000000000000000000000000
2014-02-16 20:00,0.0000,01000000000000000000100000000000
2014-02-16 21:00,0.0000,01000000000000010000000000000000
2014-02-16 22:00,0.0000,01000000000000000000100000000000
2014-02-16 23:00,0.0000,01000000000000000000010000000000
2014-02-17 00:00,0.0000,01000000000000000000000000100000
2014-02-17 01:00,2.6896,01000000000000000000000001000000
2014-02-17 02:00,1.0108,11000000000000000000000000000000
2014-02-17 03:00,2.2706,01000000000000000010000000000000
2014-02-17 04:00,5.0342,01000000000000000001000000000000
2014-02-17 05:00,2.9729,01000000000000100000000000000000
2014-02-17 06:00,4.1034,11000000000000000000000000000000
2014-02-17 07:00,3.4968,11000000000000000000000000000000
2014-02-17 08:00,2.8000,11000000000000000000000000000000
2014-02-17 09:00,1.6588,11000000000000000000000000000000
2014-02-17 10:00,5.2981,01000000000000010000100000000000
2014-02-17 11:00,0.0000,11000000000000000000000000000000
2014-02-17 12:00,0.0000,01000000000000000000010000000000
2014-02-17 13:00,0.0000,01000000000000000000010000000000
2014-02-17 14:00,0.7774,01000000000000000000000000100000
2014-02-17 15:00,0.1591,01000000000000000000000001000000
2014-02-17 16:00,0.1347,01000000000000000010000000000000
2014-02-17 17:00,0.0000,01000000000000100000000000000000
2014-02-17 18:00,0.0000,01000000000000000001000000000000
2014-02-17 19:00,0.0000,11000000000000000000000000000000
2014-02-17 20:00,0.0000,01000000000000010000100000000000
2014-02-17 21:00,2.7218,01000000000000000000100000000000
2014-02-17 22:00,0.0000,11000000000000000000000000000000
2014-02-17 23:00,0.0000,01000000000000000000010000100000
2014-02-18 00:00,0.0000,01000000000000000000000001000000
2014-02-18 01:00,0.0000,11000000000000000000000000000000
2014-02-18 02:00,0.0000,11000000000000000000000000000000
2014-02-18 03:00,0.0000,01000000000000000010000000000000
2014-02-18 04:00,0.0000,01000000000000000001000000000000
2014-02-18 05:00,0.0000,01000000000000100001000000000000
2014-02-18 06:00,0.0000,11000000000000000000000000000000
2014-02-18 07:00,0.0000,11000000000000000000000000000000
2014-02-18 08:00,0.0000,11000000000000000000000000000000
2014-02-18 09:00,0.0000,01000000000000010000000000000000
2014-02-18 10:00,0.0000,01000000000000000000100000000000
2014-02-18 11:00,0.0000,01000000000000000000010000000000
2014-02-18 12:00,0.0000,11000000000000000000000000000000
2014-02-18 13:00,0.0000,01000000000000000000010000100000
2014-02-18 14:00,1.3850,01000000000000000000000001000000
2014-02-18 15:00,0.0000,01000000000000000010000000000000
2014-02-18 16:00,5.2673,11000000000000000000000000000000
2014-02-18 17:00,6.4578,01000000000000100000000000000000
2014-02-18 18:00,2.5042,01000000000000000001000000000000
2014-02-18 19:00,2.9631,01000000000000100000000000000000
2014-02-18 20:00,2.8620,11000000000000000000000000000000
2014-02-18 21:00,0.3118,01000000000000010000100000000000
2014-02-18 22:00,0.9534,11000000000000000000000000000000
2014-02-18 23:00,0.0000,01000000000000000000010000100000
2014-02-19 00:00,0.0000,01000000000000000000000001000000
2014-02-19 01:00,0.0000,11000000000000000000000000000000
2014-02-19 02:00,0.0000,11000000000000000000000000000000
2014-02-19 03:00,0.0000,01000000000000000010000000000000
2014-02-19 04:00,0.0000,01000000000000100000000000000000
2014-02-19 05:00,0.0000,01000000000000000001000000000000
2014-02-19 06:00,0.0000,11000000000000000000000000000000
2014-02-19 07:00,0.0000,11000000000000000000000000000000
2014-02-19 08:00,0.0000,11000000000000000000000000000000
2014-02-19 09:00,0.0000,11000000000000000000000000000000
2014-02-19 10:00,0.0000,01000000000000010000100000000000
2014-02-19 11:00,0.0000,11000000000000000000000000000000
2014-02-19 12:00,0.0000,11000000000000000000000000000000
2014-02-19 13:00,0.0000,01000000000000000000010000100000
2014-02-19 14:00,0.0000,01000000000000000000000001000000
2014-02-19 15:00,0.0000,11000000000000000000000000000000
2014-02-19 16:00,0.0000,11000000000000000000000000000000
2014-02-19 17:00,0.0000,01000000000000000011000000000000
2014-02-19 18:00,0.0380,01000000000000100000000000000000
2014-02-19 19:00,0.0000,11000000000000000000000000000000
2014-02-19 20:00,0.0000,11000000000000000000000000000000
2014-02-19 21:00,0.0000,01000000000000010000100000000000
2014-02-19 22:00,0.0000,11000000000000000000000000000000
2014-02-19 23:00,0.0000,01000000000000000000010000000000
2014-02-20 00:00,0.2637,11000000000000000000000000000000
2014-02-20 01:00,0.0000,01000000000000000000000000100000
2014-02-20 02:00,0.0000,01000000000000000000000001000000
2014-02-20 03:00,0.0000,01000000000000000010000000000000
2014-02-20 04:00,0.0000,01000000000000100000000000000000
2014-02-20 05:00,0.0000,01000000000000000001000000000000
2014-02-20 06:00,0.5566,11000000000000000000000000000000
2014-02-20 07:00,0.8066,11000000000000000000000000000000
2014-02-20 08:00,0.7233,11000000000000000000000000000000
2014-02-20 09:00,0.3275,01000000000000010000100000000000
2014-02-20 10:00,1.6246,11000000000000000000000000000000
2014-02-20 11:00,0.9281,01000000000000000000100000000000
2014-02-20 12:00,1.1630,11000000000000000000000000000000
2014-02-20 13:00,0.0000,01000000000000000000010000100000
2014-02-20 14:00,0.6672,01000000000000000000000001000000
2014-02-20 15:00,1.0329,11000000000000000000000000000000
2014-02-20 16:00,1.1279,11000000000000000000000000000000
2014-02-20 17:00,0.3582,01000000000000000011000000000000
2014-02-20 18:00,0.0000,01000000000000100000000000000000
2014-02-20 19:00,0.0000,01000000000000000001000000000000
2014-02-20 20:00,0.0000,01000000000000010000000000000000
2014-02-20 21:00,0.0000,01000000000000000000100000000000
2014-02-20 22:00,0.0000,01000000000000000000010000000000
2014-02-20 23:00,0.0000,11000000000000000000000000000000
2014-02-21 00:00,0.0000,01000000000000000000000000100000
2014-02-21 01:00,0.0000,01000000000000000000000001000000
2014-02-21 02:00,0.0000,11000000000000000000000000000000
2014-02-21 03:00,0.0000,01000000000000000010000000000000
2014-02-21 04:00,0.0000,01000000000000100001000000000000
2014-02-21 05:00,0.0000,01000000000000100000000000000000
2014-02-21 06:00,0.0000,11000000000000000000000000000000
2014-02-21 07:00,0.0000,11000000000000000000000000000000
2014-02-21 08:00,0.0000,11000000000000000000000000000000
2014-02-21 09:00,0.0000,01000000000000000000100000000000
2014-02-21 10:00,0.0000,01000000000000010000000000000000
2014-02-21 11:00,0.0000,01000000000000000000100000000000
2014-02-21 12:00,0.0000,01000000000000000000010000000000
2014-02-21 13:00,0.0000,01000000000000000000000000100000
2014-02-21 14:00,0.0000,01000000000000000000000001000000
2014-02-21 15:00,0.0000,11000000000000000000000000000000
2014-02-21 16:00,0.0000,01000000000000000010000000000000
2014-02-21 17:00,0.0000,11000000000000000000000000000000
2014-02-21 18:00,0.0000,01000000000000100001000000000000
2014-02-21 19:00,0.0000,11000000000000000000000000000000
2014-02-21 20:00,0.0000,11000000000000000000000000000000
2014-02-21 21:00,0.0000,01000000000000010000100000000000
2014-02-21 22:00,0.0000,01000000000000000000010000000000
2014-02-21 23:00,0.0000,11000000000000000000000000000000
2014-02-22 00:00,0.0000,01000000000000000000000000100000
2014-02-22 01:00,0.0000,01000000000000000000000001000000
2014-02-22 02:00,0.0000,01000000000000000010000000000000
2014-02-22 03:00,0.0000,11000000000000000000000000000000
2014-02-22 04:00,0.0000,01000000000000000001000000000000
2014-02-22 05:00,0.0000,01000000000000100000000000000000
2014-02-22 06:00,0.0000,11000000000000000000000000000000
2014-02-22 07:00,0.0000,11000000000000000000000000000000
2014-02-22 08:00,0.0000,11000000000000000000000000000000
2014-02-22 09:00,0.0000,11000000000000000000000000000000
2014-02-22 10:00,0.0000,11000000000000000000000000000000
2014-02-22 11:00,0.0000,01000000000000000000100000000000
2014-02-22 12:00,0.0000,01000000000000000000010000000000
2014-02-22 13:00,0.0000,01000000000000000000000001100000
2014-02-22 14:00,0.0000,11000000000000000000000000000000
2014-02-22 15:00,0.0000,11000000000000000000000000000000
2014-02-22 16:00,0.0000,01000000000000000010000000000000
2014-02-22 17:00,0.0000,01000000000000100000000000000000
2014-02-22 18:00,0.0000,01000000000000000001000000000000
2014-02-22 19:00,0.0000,01000000000000100000000000000000
2014-02-22 20:00,0.0000,01000000000000010000000000000000
2014-02-22 21:00,0.0000,01000000000000000000100000000000
2014-02-22 22:00,0.0000,01000000000000000000010000000000
2014-02-22 23:00,0.0000,11000000000000000000000000000000
2014-02-23 00:00,0.0000,01000000000000000000010000100000
2014-02-23 01:00,0.0000,01000000000000000000000001000000
2014-02-23 02:00,0.0000,11000000000000000000000000000000
2014-02-23 03:00,0.0000,11000000000000000000000000000000
2014-02-23 04:00,0.0000,01000000000000000001000000000000
2014-02-23 05:00,0.0000,01000000000000100001000000000000
2014-02-23 06:00,0.0000,11000000000000000000000000000000
2014-02-23 07:00,0.0000,11000000000000000000000000000000
2014-02-23 08:00,0.0000,11000000000000000000000000000000
2014-02-23 09:00,0.0000,11000000000000000000000000000000
2014-02-23 10:00,0.0000,01000000000000010000100000000000
2014-02-23 11:00,0.0000,01000000000000000000100000000000
2014-02-23 12:00,0.0000,01000000000000000000010000000000
2014-02-23 13:00,0.0000,11000000000000000000000000000000
2014-02-23 14:00,0.0000,01000000000000000000000000100000
2014-02-23 15:00,0.0000,01000000000000000000000001000000
2014-02-23 16:00,0.0000,01000000000000000010000000000000
2014-02-23 17:00,0.0000,11000000000000000000000000000000
2014-02-23 18:00,0.0000,01000000000000000001000000000000
2014-02-23 19:00,0.0000,01000000000000100000000000000000
2014-02-23 20:00,2.0200,01000000000000000000100000000000
2014-02-23 21:00,0.0000,01000000000000010000000000000000
2014-02-23 22:00,0.0000,01000000000000000000010000000000
2014-02-23 23:00,0.2143,11000000000000000000000000000000
2014-02-24 00:00,0.8259,01000000000000000000010000100000
2014-02-24 01:00,0.0000,01000000000000000000000001000000
2014-02-24 02:00,0.0000,11000000000000000000000000000000
2014-02-24 03:00,0.0000,11000000000000000000000000000000
2014-02-24 04:00,0.0000,01000000000000100010000000000000
2014-02-24 05:00,0.0000,01000000000000000001000000000000
2014-02-24 06:00,0.0000,11000000000000000000000000000000
2014-02-24 07:00,0.0000,11000000000000000000000000000000
2014-02-24 08:00,0.0000,11000000000000000000000000000000
2014-02-24 09:00,0.0000,11000000000000000000000000000000
2014-02-24 10:00,0.0000,01000000000000010000100000000000
2014-02-24 11:00,0.0000,11000000000000000000000000000000
2014-02-24 12:00,0.0000,01000000000000000000010000000000
2014-02-24 13:00,0.0000,11000000000000000000000000000000
2014-02-24 14:00,0.0000,01000000000000000000000000100000
2014-02-24 15:00,0.0000,01000000000000000000000001000000
2014-02-24 16:00,0.6116,01000000000000000010000000000000
2014-02-24 17:00,0.0000,01000000000000000001000000000000
2014-02-24 18:00,0.0000,01000000000000100000000000000000
2014-02-24 19:00,0.0000,11000000000000000000000000000000
2014-02-24 20:00,0.0000,01000000000000010000100000000000
2014-02-24 21:00,0.2126,11000000000000000000000000000000
2014-02-24 22:00,0.3286,11000000000000000000000000000000
2014-02-24 23:00,0.3858,01000000000000000000010000000000
2014-02-25 00:00,0.0000,01000000000000000000000000100000
2014-02-25 01:00,0.0000,01000000000000000000000001000000
2014-02-25 02:00,0.0000,11000000000000000000000000000000
2014-02-25 03:00,0.0000,01000000000000000010000000000000
2014-02-25 04:00,0.0000,01000000000000100000000000000000
2014-02-25 05:00,0.0000,01000000000000000001000000000000
2014-02-25 06:00,0.0000,11000000000000000000000000000000
2014-02-25 07:00,0.0000,11000000000000000000000000000000
2014-02-25 08:00,0.0000,11000000000000000000000000000000
2014-02-25 09:00,0.0000,11000000000000000000000000000000
2014-02-25 10:00,0.0000,01000000000000010000100000000000
2014-02-25 11:00,0.0000,11000000000000000000000000000000
2014-02-25 12:00,0.0000,01000000000000000000010000000000
2014-02-25 13:00,0.0000,11000000000000000000000000000000
2014-02-25 14:00,0.0000,01000000000000000000000001100000
2014-02-25 15:00,0.0000,11000000000000000000000000000000
2014-02-25 16:00,0.0000,01000000000000000010000000000000
2014-02-25 17:00,0.0000,01000000000000000001000000000000
2014-02-25 18:00,0.0000,01000000000000100000000000000000
2014-02-25 19:00,0.0000,01000000000000000001000000000000
2014-02-25 20:00,0.0000,01000000000000000000100000000000
2014-02-25 21:00,0.0000,01000000000000010000000000000000
2014-02-25 22:00,0.0000,01000000000000000000100000000000
2014-02-25 23:00,0.0000,01000000000000000000010000100000
2014-02-26 00:00,0.0000,01000000000000000000000001000000
2014-02-26 01:00,0.0000,11000000000000000000000000000000
2014-02-26 02:00,0.0000,11000000000000000000000000000000
2014-02-26 03:00,0.0000,01000000000000000010000000000000
2014-02-26 04:00,0.0000,01000000000000100001000000000000
2014-02-26 05:00,0.0000,01000000000000100000000000000000
2014-02-26 06:00,0.0000,11000000000000000000000000000000
2014-02-26 07:00,0.0000,11000000000000000000000000000000
2014-02-26 08:00,0.0000,11000000000000000000000000000000
2014-02-26 09:00,0.0000,11000000000000000000000000000000
2014-02-26 10:00,0.0000,01000000000000010000100000000000
2014-02-26 11:00,0.0000,11000000000000000000000000000000
2014-02-26 12:00,0.0000,01000000000000000000010000000000
2014-02-26 13:00,0.0000,01000000000000000000010000100000
2014-02-26 14:00,0.0000,01000000000000000000000001000000
2014-02-26 15:00,0.0000,01000000000000000010000000000000
2014-02-26 16:00,0.0000,11000000000000000000000000000000
2014-02-26 17:00,0.0000,01000000000000100000000000000000
2014-02-26 18:00,0.0000,01000000000000000001000000000000
2014-02-26 19:00,0.0000,11000000000000000000000000000000
2014-02-26 20:00,0.0000,01000000000000000000100000000000
2014-02-26 21:00,0.0000,01000000000000000000100000000000
2014-02-26 22:00,0.0000,11000000000000000000000000000000
2014-02-26 23:00,0.0000,01000000000000000000010000100000
2014-02-27 00:00,0.0000,11000000000000000000000000000000
2014-02-27 01:00,0.0000,11000000000000000000000000000000
2014-02-27 02:00,0.0000,11000000000000000000000000000000
2014-02-27 03:00,0.0000,01000000000000000010000000000000
2014-02-27 04:00,0.0000,01000000000000000001000000000000
2014-02-27 05:00,0.0000,01000000000000100000000000000000
2014-02-27 06:00,0.0000,11000000000000000000000000000000
2014-02-27 07:00,0.0000,11000000000000000000000000000000
2014-02-27 08:00,0.0000,11000000000000000000000000000000
2014-02-27 09:00,0.0000,01000000000000010000000000000000
2014-02-27 10:00,0.0000,01000000000000000000100000000000
2014-02-27 11:00,0.0000,01000000000000000000010000000000
2014-02-27 12:00,0.0000,11000000000000000000000000000000
2014-02-27 13:00,0.0000,01000000000000000000010000100000
2014-02-27 14:00,0.0000,01000000000000000000000001000000
2014-02-27 15:00,0.0000,11000000000000000000000000000000
2014-02-27 16:00,0.0000,11000000000000000000000000000000
2014-02-27 17:00,0.0000,01000000000000100010000000000000
2014-02-27 18:00,0.0000,01000000000000000001000000000000
2014-02-27 19:00,0.0000,01000000000000100000000000000000
2014-02-27 20:00,0.0000,01000000000000010000000000000000
2014-02-27 21:00,0.0000,01000000000000000000100000000000
2014-02-27 22:00,0.0000,11000000000000000000000000000000
2014-02-27 23:00,0.0000,01000000000000000000010000000000
2014-02-28 00:00,0.0000,11000000000000000000000000000000
2014-02-28 01:00,0.0000,11000000000000000000000000000000
2014-02-28 02:00,0.0000,01000000000000000000000001000000
2014-02-28 03:00,0.0000,01000000000000000010000000000000
2014-02-28 04:00,0.0000,01000000000000000001000000000000
2014-02-28 05:00,0.0000,01000000000000100001000000000000
2014-02-28 06:00,0.0000,11000000000000000000000000000000
2014-02-28 07:00,0.0000,11000000000000000000000000000000
2014-02-28 08:00,0.0000,11000000000000000000000000000000
2014-02-28 09:00,0.0000,11000000000000000000000000000000
2014-02-28 10:00,0.0000,01000000000000010000100000000000
2014-02-28 11:00,0.0000,11000000000000000000000000000000
2014-02-28 12:00,0.0000,11000000000000000000000000000000
2014-02-28 13:00,0.0000,01000000000000000000010000100000
2014-02-28 14:00,0.0000,01000000000000000000000001000000
2014-02-28 15:00,0.0000,11000000000000000000000000000000
2014-02-28 16:00,0.0000,11000000000000000000000000000000
2014-02-28 17:00,0.0000,01000000000000000010000000000000
2014-02-28 18:00,0.0000,01000000000000100001000000000000
2014-02-28 19:00,0.0000,11000000000000000000000000000000
2014-02-28 20:00,0.0000,11000000000000000000000000000000
2014-02-28 21:00,0.0000,01000000000000010000100000000000
2014-02-28 22:00,0.0000,11000000000000000000000000000000
2014-02-28 23:00,0.0000,01000000000000000000010000000000
2014-03-01 00:00,-999,01000000000000000000000000100000
2014-03-01 01:00,-999,01000000000000000000000001000000
2014-03-01 02:00,0.0000,11000000000000000000000000000000
2014-03-01 03:00,0.0000,01000000000000000010000000000000
2014-03-01 04:00,0.0000,01000000000000100000000000000000
2014-03-01 05:00,0.0000,01000000000000000001000000000000
2014-03-01 06:00,0.0000,11000000000000000000000000000000
2014-03-01 07:00,0.0000,11000000000000000000000000000000
2014-03-01 08:00,0.0000,11000000000000000000000000000000
2014-03-01 09:00,0.0000,01000000000000010000100000000000
2014-03-01 10:00,0.0000,11000000000000000000000000000000
2014-03-01 11:00,0.0000,01000000000000000000100000000000
2014-03-01 12:00,0.0000,11000000000000000000000000000000
2014-03-01 13:00,0.0000,01000000000000000000010000100000
2014-03-01 14:00,-999,01000000000000000000000001000000
2014-03-01 15:00,0.0000,11000000000000000000000000000000
2014-03-01 16:00,0.0000,11000000000000000000000000000000
2014-03-01 17:00,0.0000,01000000000000000011000000000000
2014-03-01 18:00,0.0000,01000000000000100000000000000000
2014-03-01 19:00,0.0000,11000000000000000000000000000000
2014-03-01 20:00,0.0000,01000000000000010000000000000000
2014-03-01 21:00,0.0000,01000000000000000000100000000000
2014-03-01 22:00,0.0000,01000000000000000000010000000000
2014-03-01 23:00,0.0000,11000000000000000000000000000000
2014-03-02 00:00,0.0000,01000000000000000000000000100000
2014-03-02 01:00,-999,01000000000000000000000001000000
2014-03-02 02:00,-999,01000000000000000010000000000000
2014-03-02 03:00,0.0000,11000000000000000000000000000000
2014-03-02 04:00,0.0000,01000000000000100000000000000000
2014-03-02 05:00,0.0000,01000000000000000001000000000000
2014-03-02 06:00,0.0000,01000000000000100000000000000000
2014-03-02 07:00,0.0000,11000000000000000000000000000000
2014-03-02 08:00,0.0000,11000000000000000000000000000000
2014-03-02 09:00,0.0000,01000000000000000000100000000000
2014-03-02 10:00,0.0000,01000000000000010000000000000000
2014-03-02 11:00,0.0000,01000000000000000000100000000000
2014-03-02 12:00,0.0000,01000000000000000000010000100000
2014-03-02 13:00,0.0000,11000000000000000000000000000000
2014-03-02 14:00,0.0000,11000000000000000000000000000000
2014-03-02 15:00,0.0000,11000000000000000000000000000000
2014-03-02 16:00,0.0000,01000000000000000010000000000000
2014-03-02 17:00,0.0000,01000000000000000001000000000000
2014-03-02 18:00,0.0000,01000000000000100000000000000000
2014-03-02 19:00,0.0000,01000000000000000001000000000000
2014-03-02 20:00,0.0000,11000000000000000000000000000000
2014-03-02 21:00,0.0000,01000000000000010000100000000000
2014-03-02 22:00,0.0000,01000000000000000000010000000000
2014-03-02 23:00,0.0000,11000000000000000000000000000000
2014-03-03 00:00,0.0000,01000000000000000000000000100000
2014-03-03 01:00,0.0000,01000000000000000000000001000000
2014-03-03 02:00,0.0000,11000000000000000000000000000000
2014-03-03 03:00,0.0000,11000000000000000000000000000000
2014-03-03 04:00,1.5927,01000000000000100001000000000000
2014-03-03 05:00,0.0000,01000000000000100000000000000000
2014-03-03 06:00,0.0000,11000000000000000000000000000000
2014-03-03 07:00,0.0733,11000000000000000000000000000000
2014-03-03 08:00,0.3519,11000000000000000000000000000000
2014-03-03 09:00,0.3298,11000000000000000000000000000000
2014-03-03 10:00,0.0295,11000000000000000000000000000000
2014-03-03 11:00,0.0000,01000000000000000000100000000000
2014-03-03 12:00,0.0000,01000000000000000000010000000000
2014-03-03 13:00,2.6907,11000000000000000000000000000000
2014-03-03 14:00,0.0000,01000000000000000000000000100000
2014-03-03 15:00,2.9236,01000000000000000000000001000000
2014-03-03 16:00,0.0000,01000000000000000010000000000000
2014-03-03 17:00,0.0000,01000000000000100000000000000000
2014-03-03 18:00,0.0000,01000000000000000001000000000000
2014-03-03 19:00,0.0000,11000000000000000000000000000000
2014-03-03 20:00,0.0000,01000000000000010000000000000000
2014-03-03 21:00,0.0000,01000000000000000000100000000000
2014-03-03 22:00,0.0000,01000000000000000000010000000000
2014-03-03 23:00,0.0000,11000000000000000000000000000000
2014-03-04 00:00,0.0000,01000000000000000000010000100000
2014-03-04 01:00,0.0000,01000000000000000000000001000000
2014-03-04 02:00,0.0000,11000000000000000000000000000000
2014-03-04 03:00,0.0000,11000000000000000000000000000000
2014-03-04 04:00,0.0000,01000000000000000011000000000000
2014-03-04 05:00,0.0000,01000000000000100000000000000000
2014-03-04 06:00,0.0000,11000000000000000000000000000000
2014-03-04 07:00,0.0000,11000000000000000000000000000000
2014-03-04 08:00,0.0000,11000000000000000000000000000000
2014-03-04 09:00,0.0000,11000000000000000000000000000000
2014-03-04 10:00,0.0000,01000000000000010000000000000000
2014-03-04 11:00,0.0000,01000000000000000000100000000000
2014-03-04 12:00,0.0000,01000000000000000000010000000000
2014-03-04 13:00,0.0000,11000000000000000000000000000000
2014-03-04 14:00,1.5956,01000000000000000000000000100000
2014-03-04 15:00,0.0000,01000000000000000000000001000000
2014-03-04 16:00,1.5555,01000000000000000010000000000000
2014-03-04 17:00,0.0000,01000000000000100000000000000000
2014-03-04 18:00,0.0000,01000000000000000001000000000000
2014-03-04 19:00,0.0000,01000000000000100000000000000000
2014-03-04 20:00,0.0000,01000000000000000000100000000000
2014-03-04 21:00,0.0000,01000000000000010000000000000000
2014-03-04 22:00,0.0000,01000000000000000000010000000000
2014-03-04 23:00,0.0000,11000000000000000000000000000000
2014-03-05 00:00,0.0000,01000000000000000000010001100000
2014-03-05 01:00,0.0000,11000000000000000000000000000000
2014-03-05 02:00,0.0000,01000000000001000000000000000000
2014-03-05 03:00,0.0000,01000000000000000010000000000000
2014-03-05 04:00,0.0000,01000000000000100001000000000000
2014-03-05 05:00,0.0000,01000000000000000001000000000000
2014-03-05 06:00,0.0000,11000000000000000000000000000000
2014-03-05 07:00,0.0000,11000000000000000000000000000000
2014-03-05 08:00,0.0000,11000000000000000000000000000000
2014-03-05 09:00,2.5030,11000000000000000000000000000000
2014-03-05 10:00,4.9727,01000000000001010000100000000000
2014-03-05 11:00,2.7309,11000000000000000000000000000000
2014-03-05 12:00,2.5636,01000000000000000000010000000000
2014-03-05 13:00,1.2452,11000000000000000000000000000000
2014-03-05 14:00,0.0000,01000000000000000000000001100000
2014-03-05 15:00,0.0000,11000000000000000000000000000000
2014-03-05 16:00,0.0000,01000000000000000010000000000000
2014-03-05 17:00,0.0000,01000000000000000001000000000000
2014-03-05 18:00,0.0000,01000000000000100000000000000000
2014-03-05 19:00,0.0000,11000000000000000000000000000000
2014-03-05 20:00,0.0000,01000000000000010000100000000000
2014-03-05 21:00,0.4456,11000000000000000000000000000000
2014-03-05 22:00,0.0000,11000000000000000000000000000000
2014-03-05 23:00,0.0000,01000000000000000000010000100000
2014-03-06 00:00,2.6540,01000000000000000000000001000000
2014-03-06 01:00,0.0000,01000000000001000000000000000000
2014-03-06 02:00,2.7430,11000000000000000000000000000000
2014-03-06 03:00,0.0000,01000000000000000010000000000000
2014-03-06 04:00,0.0000,01000000000000100000000000000000
2014-03-06 05:00,0.0000,01000000000000000001000000000000
2014-03-06 06:00,0.7538,11000000000000000000000000000000
2014-03-06 07:00,0.0000,11000000000000000000000000000000
2014-03-06 08:00,0.0000,11000000000000000000000000000000
2014-03-06 09:00,0.0000,01000000000001010000000000000000
2014-03-06 10:00,0.0000,01000000000000000000100000000000
2014-03-06 11:00,0.0000,11000000000000000000000000000000
2014-03-06 12:00,3.4512,01000000000000000000010000000000
2014-03-06 13:00,0.0000,01000000000000000000000000100000
2014-03-06 14:00,0.0000,01000000000000000000000001000000
2014-03-06 15:00,0.0000,11000000000000000000000000000000
2014-03-06 16:00,0.0000,01000000000000000010000000000000
2014-03-06 17:00,0.0000,01000000000000000001000000000000
2014-03-06 18:00,0.0000,01000000000000100000000000000000
2014-03-06 19:00,0.0000,01000000000000000001000000000000
2014-03-06 20:00,0.0000,01000000000000000000100000000000
2014-03-06 21:00,0.0000,01000000000000010000000000000000
2014-03-06 22:00,0.0000,01000000000000000000100000000000
2014-03-06 23:00,0.0000,01000000000000000000010000000000
2014-03-07 00:00,0.0000,11000000000000000000000000000000
2014-03-07 01:00,0.0000,11000000000000000000000000000000
2014-03-07 02:00,0.0000,01000000000000000000000001000000
2014-03-07 03:00,-999,01000000000000000010000000000000
2014-03-07 04:00,0.0000,01000000000000100000000000000000
2014-03-07 05:00,0.0000,01000000000000100001000000000000
2014-03-07 06:00,0.0000,11000000000000000000000000000000
2014-03-07 07:00,0.0000,11000000000000000000000000000000
2014-03-07 08:00,0.0000,11000000000000000000000000000000
2014-03-07 09:00,0.0000,11000000000000000000000000000000
2014-03-07 10:00,0.0000,01000000000000010000100000000000
2014-03-07 11:00,0.0000,11000000000000000000000000000000
2014-03-07 12:00,0.0000,11000000000000000000000000000000
2014-03-07 13:00,0.0000,01000000000000000000010000100000
2014-03-07 14:00,-999,01000000000000000000000001000000
2014-03-07 15:00,0.0000,11000000000000000000000000000000
2014-03-07 16:00,0.0000,11000000000000000000000000000000
2014-03-07 17:00,0.0000,01000000000000000001000000000000
2014-03-07 18:00,0.0000,01000000000000100001000000000000
2014-03-07 19:00,0.0000,11000000000000000000000000000000
2014-03-07 20:00,0.0000,01000000000000000000100000000000
2014-03-07 21:00,0.0000,01000000000000010000100000000000
2014-03-07 22:00,0.0000,11000000000000000000000000000000
2014-03-07 23:00,0.0000,01000000000000000000010000000000
2014-03-08 00:00,0.0000,11000000000000000000000000000000
